div,roughness,slope
0,0.185,0.008445
1,0.1317,0.009623
2,0.1788,0.008757
3,0.1498,0.010451
4,0.1449,0.012746
5,0.1363,0.012303
