div,slope,roughness,shore_height,wall_height
0,0.008445,0.1748,2.396,0
1,0.008445,0.1748,2.396,0
2,0.008445,0.1748,2.396,0
3,0.008445,0.1748,2.396,0
4,0.008445,0.1748,2.396,0
5,0.008445,0.1748,2.396,0
6,0.008445,0.1748,2.396,0
7,0.008445,0.1748,2.396,0
