div,roughness,slope
0,0.1748,0.008445
1,0.116,0.009623
2,0.1675,0.008757
3,0.1358,0.010451
4,0.1325,0.012746
5,0.121,0.012303
6,0.1495,0.01207
7,0.1876,0.008773
8,0.1791,0.009391
9,0.1629,0.008577
10,0.188,0.013596
11,0.1665,0.010829
12,0.1375,0.009188
13,0.1008,0.010442
14,0.17,0.011111
15,0.0967,0.00929
16,0.0938,0.012446
17,0.1423,0.009591
