div,roughness,slope
0,0.1748,0.008445
1,0.1748,0.008445
2,0.1748,0.008445
3,0.1748,0.008445
4,0.1748,0.008445
5,0.1748,0.008445
